,movie,year,imdb,metaScore,votes,usGrossMillions,timeMin
0,The Shawshank Redemption,1994,9.3,80.0,2389105,28.34,142
1,The Godfather,1972,9.2,100.0,1655679,134.97,175
2,Soorarai Pottru,2020,9.1,,62223,,153
3,The Dark Knight,2008,9.0,84.0,2351702,534.86,152
4,The Godfather: Part II,1974,9.0,90.0,1151332,57.3,202
5,12 Angry Men,1957,9.0,96.0,704886,4.36,96
6,The Lord of the Rings: The Return of the King,2003,8.9,94.0,1670306,377.85,201
7,Pulp Fiction,1994,8.9,94.0,1860104,107.93,154
8,Schindler's List,1993,8.9,94.0,1234560,96.9,195
9,Inception,2010,8.8,74.0,2110286,292.58,148
10,Fight Club,1999,8.8,66.0,1889468,37.03,139
11,The Lord of the Rings: The Fellowship of the Ring,2001,8.8,92.0,1691079,315.54,178
12,Forrest Gump,1994,8.8,82.0,1848278,330.25,142
13,"The Good, the Bad and the Ugly",1966,8.8,90.0,699541,6.1,178
14,The Lord of the Rings: The Two Towers,2002,8.7,87.0,1510587,342.55,179
15,The Matrix,1999,8.7,73.0,1708005,171.48,136
16,Goodfellas,1990,8.7,90.0,1041206,46.84,146
17,Star Wars: Episode V - The Empire Strikes Back,1980,8.7,82.0,1177464,290.48,124
18,One Flew Over the Cuckoo's Nest,1975,8.7,84.0,932317,112.0,133
19,Parasite,2019,8.6,96.0,604346,53.37,132
20,Interstellar,2014,8.6,74.0,1554893,188.02,169
21,City of God,2002,8.6,79.0,708639,7.56,130
22,Spirited Away,2001,8.6,96.0,669351,10.06,125
23,Saving Private Ryan,1998,8.6,91.0,1260631,216.54,169
24,The Green Mile,1999,8.6,61.0,1171785,136.8,189
25,Life Is Beautiful,1997,8.6,59.0,635907,57.6,116
26,Se7en,1995,8.6,65.0,1474834,100.13,127
27,The Silence of the Lambs,1991,8.6,85.0,1296557,130.74,118
28,Star Wars: Episode IV - A New Hope,1977,8.6,90.0,1249551,322.74,121
29,Hara-Kiri,1962,8.6,85.0,44807,,133
30,Seven Samurai,1954,8.6,98.0,320974,0.27,207
31,It's a Wonderful Life,1946,8.6,89.0,412040,,130
32,Hamilton,2020,8.5,90.0,64001,,160
33,Raatchasan,2018,8.5,,28429,,170
34,Whiplash,2014,8.5,88.0,737242,13.09,106
35,The Intouchables,2011,8.5,57.0,777248,13.18,112
36,The Prestige,2006,8.5,66.0,1213853,53.09,130
37,The Departed,2006,8.5,85.0,1211384,132.38,151
38,The Pianist,2002,8.5,85.0,747427,32.57,150
39,Gladiator,2000,8.5,67.0,1364338,187.71,155
40,American History X,1998,8.5,62.0,1048409,6.72,119
41,The Usual Suspects,1995,8.5,77.0,1006363,23.34,106
42,Léon: The Professional,1994,8.5,64.0,1054842,19.5,110
43,The Lion King,1994,8.5,88.0,960064,422.78,88
44,Terminator 2: Judgment Day,1991,8.5,75.0,1009539,204.84,137
45,Cinema Paradiso,1988,8.5,80.0,236043,11.99,155
46,Grave of the Fireflies,1988,8.5,94.0,242466,,89
47,Back to the Future,1985,8.5,87.0,1080129,210.61,116
48,Once Upon a Time in the West,1968,8.5,80.0,307450,5.32,165
49,Psycho,1960,8.5,97.0,614714,32.0,109
50,Rear Window,1954,8.5,100.0,451371,36.76,112
51,Casablanca,1942,8.5,100.0,529910,1.02,102
52,Modern Times,1936,8.5,96.0,222319,0.16,87
53,City Lights,1931,8.5,99.0,170875,0.02,87
54,Capernaum,2018,8.4,75.0,68477,1.66,126
55,Joker,2019,8.4,59.0,994542,335.45,122
56,Ayla: The Daughter of War,2017,8.4,,35443,,125
57,Vikram Vedha,2017,8.4,,30116,,147
58,Your Name.,2016,8.4,79.0,207827,5.02,106
59,Dangal,2016,8.4,,162290,12.39,161
60,Spider-Man: Into the Spider-Verse,2018,8.4,87.0,398295,190.24,117
61,Avengers: Endgame,2019,8.4,78.0,870156,858.37,181
62,Avengers: Infinity War,2018,8.4,68.0,874654,678.82,149
63,Coco,2017,8.4,81.0,404123,209.73,105
64,Django Unchained,2012,8.4,81.0,1386842,162.81,165
65,The Dark Knight Rises,2012,8.4,78.0,1542965,448.14,164
66,3 Idiots,2009,8.4,67.0,353106,6.53,170
67,Like Stars on Earth,2007,8.4,,173857,1.22,165
68,WALL·E,2008,8.4,95.0,1017809,223.81,98
69,The Lives of Others,2006,8.4,89.0,364910,11.29,137
70,Oldboy,2003,8.4,77.0,526052,0.71,120
71,Memento,2000,8.4,80.0,1143506,25.54,113
72,Princess Mononoke,1997,8.4,76.0,351936,2.38,134
73,Once Upon a Time in America,1984,8.4,,317749,5.32,229
74,Indiana Jones and the Raiders of the Lost Ark,1981,8.4,85.0,896372,248.16,115
75,The Shining,1980,8.4,66.0,916039,44.02,146
76,Apocalypse Now,1979,8.4,94.0,616528,83.47,147
77,Alien,1979,8.4,89.0,801855,78.9,117
78,High and Low,1963,8.4,,36407,,143
79,Dr. Strangelove or: How I Learned to Stop Worrying and Love the Bomb,1964,8.4,97.0,456831,0.28,95
80,Witness for the Prosecution,1957,8.4,,111670,8.18,116
81,Paths of Glory,1957,8.4,90.0,181713,,88
82,Sunset Blvd.,1950,8.4,,205061,,110
83,The Great Dictator,1940,8.4,,206616,0.29,125
84,Chhichhore,2019,8.3,,36178,0.9,143
85,1917,2019,8.3,78.0,458806,159.23,119
86,Tumbbad,2018,8.3,,30490,,104
87,Drishyam,2013,8.3,,35123,,160
88,The Hunt,2012,8.3,77.0,291576,0.69,115
89,A Separation,2011,8.3,95.0,224801,7.1,123
90,Incendies,2010,8.3,80.0,154980,6.86,131
91,Dara of Jasenovac,2020,8.3,,34420,,130
92,The Father,2020,8.3,88.0,55320,,97
93,My Father and My Son,2005,8.3,,80792,,112
94,Inglourious Basterds,2009,8.3,69.0,1295604,120.54,153
95,Eternal Sunshine of the Spotless Mind,2004,8.3,89.0,926024,34.4,108
96,Amélie,2001,8.3,69.0,712931,33.23,122
97,Snatch,2000,8.3,55.0,793533,30.33,102
98,Requiem for a Dream,2000,8.3,68.0,779198,3.64,102
99,American Beauty,1999,8.3,84.0,1083850,130.1,122
100,Good Will Hunting,1997,8.3,70.0,878490,138.43,126
101,Children of Heaven,1997,8.3,77.0,67222,0.93,89
102,Toy Story,1995,8.3,95.0,903428,191.8,81
103,Braveheart,1995,8.3,68.0,971993,75.6,178
104,Reservoir Dogs,1992,8.3,79.0,934448,2.83,99
105,Full Metal Jacket,1987,8.3,76.0,685460,46.36,116
106,Come and See,1985,8.3,,62495,,142
107,Aliens,1986,8.3,84.0,662100,85.16,137
108,Amadeus,1984,8.3,88.0,374568,51.97,160
109,Scarface,1983,8.3,65.0,757061,45.6,170
110,Star Wars: Episode VI - Return of the Jedi,1983,8.3,58.0,965036,309.13,131
111,Das Boot,1981,8.3,86.0,235289,11.49,149
112,Taxi Driver,1976,8.3,94.0,739882,28.26,114
113,The Sting,1973,8.3,83.0,245086,159.6,129
114,A Clockwork Orange,1971,8.3,77.0,769012,6.21,136
115,Anand,1971,8.3,,31539,,122
116,2001: A Space Odyssey,1968,8.3,84.0,613687,56.95,149
117,To Kill a Mockingbird,1962,8.3,88.0,297335,,129
118,Lawrence of Arabia,1962,8.3,100.0,272307,44.82,228
119,The Apartment,1960,8.3,94.0,167393,18.6,125
120,North by Northwest,1959,8.3,98.0,303519,13.28,136
121,Vertigo,1958,8.3,100.0,370829,3.2,128
122,Singin' in the Rain,1952,8.3,99.0,222776,8.82,103
123,Ikiru,1952,8.3,,70401,0.06,143
124,Bicycle Thieves,1948,8.3,,149712,0.33,89
125,Double Indemnity,1944,8.3,95.0,146003,5.72,107
126,Citizen Kane,1941,8.3,100.0,411840,1.59,119
127,M,1931,8.3,,146115,0.03,99
128,Metropolis,1927,8.3,98.0,162573,1.24,153
129,The Kid,1921,8.3,,116039,5.45,68
130,Uri: The Surgical Strike,2018,8.2,,44729,4.19,138
131,Andhadhun,2018,8.2,,75819,1.37,139
132,K.G.F: Chapter 1,2018,8.2,,39328,,156
133,Green Book,2018,8.2,69.0,402873,85.08,130
134,A Silent Voice: The Movie,2016,8.2,78.0,53818,,130
135,Talvar,2015,8.2,,31836,0.34,132
136,Baahubali 2: The Conclusion,2017,8.2,,77108,20.19,167
137,Klaus,2019,8.2,65.0,112081,,96
138,Drishyam,2015,8.2,,73320,0.74,163
139,Queen,2013,8.2,,61451,1.43,146
140,Tangerines,2013,8.2,73.0,42417,0.14,87
141,Bhaag Milkha Bhaag,2013,8.2,,61995,1.63,186
142,Gangs of Wasseypur,2012,8.2,89.0,84746,,321
143,Paan Singh Tomar,2012,8.2,,33779,0.04,135
144,The Secret in Their Eyes,2009,8.2,80.0,196673,6.39,129
145,Zack Snyder's Justice League,2021,8.2,54.0,283181,,242
146,Shutter Island,2010,8.2,63.0,1157768,128.01,138
147,Up,2009,8.2,88.0,952155,293.0,96
148,Miracle in Cell No. 7,2019,8.2,,38868,,132
149,The Wolf of Wall Street,2013,8.2,75.0,1221228,116.9,180
150,Chak De! India,2007,8.2,68.0,75080,1.11,153
151,There Will Be Blood,2007,8.2,93.0,528554,40.22,158
152,Pan's Labyrinth,2006,8.2,98.0,627122,37.63,118
153,Toy Story 3,2010,8.2,92.0,768930,415.0,103
154,Black,2005,8.2,,33648,0.73,122
155,Batman Begins,2005,8.2,70.0,1330792,206.85,140
156,Swades,2004,8.2,,84395,1.22,189
157,Downfall,2004,8.2,82.0,335786,5.51,156
158,Howl's Moving Castle,2004,8.2,80.0,344256,4.71,119
159,A Beautiful Mind,2001,8.2,72.0,863449,170.74,135
160,Hera Pheri,2000,8.2,,58434,,156
161,"Lock, Stock and Two Smoking Barrels",1998,8.2,66.0,543409,3.9,107
162,L.A. Confidential,1997,8.2,90.0,539986,64.62,138
163,The Bandit,1996,8.2,,65654,,128
164,Heat,1995,8.2,76.0,589197,67.44,170
165,Casino,1995,8.2,73.0,475404,42.44,178
166,Unforgiven,1992,8.2,85.0,381916,101.16,130
167,Indiana Jones and the Last Crusade,1989,8.2,65.0,701519,197.17,127
168,Time of the Gypsies,1988,8.2,,28181,0.28,142
169,My Neighbor Totoro,1988,8.2,86.0,299729,1.11,86
170,Die Hard,1988,8.2,72.0,803600,83.01,132
171,Ran,1985,8.2,96.0,115163,4.14,162
172,Raging Bull,1980,8.2,89.0,326906,23.38,129
173,Autumn Sonata,1978,8.2,,28707,,99
174,The Message,1976,8.2,,44633,,177
175,Sholay,1975,8.2,,52023,,162
176,Monty Python and the Holy Grail,1975,8.2,91.0,507090,1.23,91
177,Chinatown,1974,8.2,92.0,299920,8.49,130
178,For a Few Dollars More,1965,8.2,74.0,236617,15.0,132
179,The Great Escape,1963,8.2,86.0,228175,12.1,172
180,Yojimbo,1961,8.2,,113462,,110
181,Judgment at Nuremberg,1961,8.2,60.0,70993,,179
182,Some Like It Hot,1959,8.2,98.0,247721,25.0,121
183,Wild Strawberries,1957,8.2,88.0,98581,,91
184,The Seventh Seal,1957,8.2,88.0,168758,,96
185,Dial M for Murder,1954,8.2,75.0,161332,0.01,105
186,Tokyo Story,1953,8.2,,54851,,136
187,Rashomon,1950,8.2,98.0,155499,0.1,88
188,All About Eve,1950,8.2,98.0,122443,0.01,138
189,The Treasure of the Sierra Madre,1948,8.2,98.0,116066,5.01,126
190,To Be or Not to Be,1942,8.2,86.0,31448,,99
191,The Gold Rush,1925,8.2,,103047,5.45,95
192,Sherlock Jr.,1924,8.2,,43486,0.98,45
193,Portrait of a Lady on Fire,2019,8.1,95.0,70682,3.76,122
194,Pink,2016,8.1,,40313,1.24,136
195,"Three Billboards Outside Ebbing, Missouri",2017,8.1,88.0,448649,54.51,115
196,The Invisible Guest,2016,8.1,,151821,,106
197,The Handmaiden,2016,8.1,84.0,120112,2.01,145
198,Mommy,2014,8.1,74.0,52106,3.49,139
199,Haider,2014,8.1,,51025,0.9,160
200,Logan,2017,8.1,77.0,664535,226.28,137
201,Room,2015,8.1,86.0,381103,14.68,118
202,Wild Tales,2014,8.1,77.0,181628,3.11,122
203,Soul,2020,8.1,83.0,238145,,100
204,Winter Sleep,2014,8.1,88.0,47890,0.17,196
205,PK,2014,8.1,,166302,10.62,153
206,OMG: Oh My God!,2012,8.1,,52684,0.92,125
207,The Grand Budapest Hotel,2014,8.1,88.0,725488,59.1,99
208,Gone Girl,2014,8.1,79.0,881015,167.77,149
209,Wolf Children,2012,8.1,71.0,39958,,117
210,Hacksaw Ridge,2016,8.1,71.0,449659,67.21,139
211,Inside Out,2015,8.1,94.0,632030,356.46,95
212,Barfi!,2012,8.1,,76784,2.8,151
213,12 Years a Slave,2013,8.1,96.0,651755,56.67,134
214,Rush,2013,8.1,74.0,441723,26.95,123
215,Ford v Ferrari,2019,8.1,81.0,311998,117.62,152
216,Spotlight,2015,8.1,93.0,430161,45.06,129
217,Song of the Sea,2014,8.1,85.0,53453,0.86,93
218,Kahaani,2012,8.1,,58588,1.04,122
219,Udaan,2010,8.1,,42883,0.01,134
220,Zindagi Na Milegi Dobara,2011,8.1,,69378,3.11,155
221,Prisoners,2013,8.1,70.0,616084,61.0,153
222,Mad Max: Fury Road,2015,8.1,90.0,900752,154.06,120
223,Warrior,2011,8.1,71.0,441962,13.66,140
224,A Wednesday,2008,8.1,,74595,,104
225,Gran Torino,2008,8.1,72.0,729255,148.1,116
226,Harry Potter and the Deathly Hallows: Part 2,2011,8.1,85.0,780976,381.01,130
227,Departures,2008,8.1,68.0,49240,1.5,130
228,Hachi: A Dog's Tale,2009,8.1,,259297,,93
229,Mary and Max,2009,8.1,,166917,,92
230,How to Train Your Dragon,2010,8.1,75.0,677839,217.58,98
231,Into the Wild,2007,8.1,73.0,583033,18.35,148
232,No Country for Old Men,2007,8.1,91.0,875364,74.28,122
233,V for Vendetta,2005,8.1,62.0,1047410,70.51,132
234,Nobody Knows,2004,8.1,88.0,25456,0.68,141
235,Rang De Basanti,2006,8.1,,113795,2.2,167
236,Million Dollar Baby,2004,8.1,86.0,645047,100.49,132
237,Hotel Rwanda,2004,8.1,79.0,338238,23.53,121
238,Before Sunset,2004,8.1,90.0,241268,5.82,80
239,Munna Bhai M.B.B.S.,2003,8.1,,75049,,156
240,Memories of Murder,2003,8.1,82.0,147297,0.01,132
241,Dil Chahta Hai,2001,8.1,,67628,0.3,183
242,Kill Bill: Vol. 1,2003,8.1,69.0,1017551,70.1,111
243,Finding Nemo,2003,8.1,90.0,963690,380.84,100
244,Catch Me If You Can,2002,8.1,75.0,854553,164.62,141
245,Amores Perros,2000,8.1,83.0,226834,5.38,154
246,"Monsters, Inc.",2001,8.1,79.0,829325,289.92,92
247,Neon Genesis Evangelion: The End of Evangelion,1997,8.1,,41456,,87
248,Lagaan: Once Upon a Time in India,2001,8.1,84.0,106370,0.07,224
249,The Sixth Sense,1999,8.1,64.0,922976,293.51,107
250,The Celebration,1998,8.1,82.0,79951,1.65,105
251,The Legend of 1900,1998,8.1,58.0,59961,0.26,169
252,The Truman Show,1998,8.1,90.0,960846,125.62,103
253,"Black Cat, White Cat",1998,8.1,73.0,51506,0.35,127
254,The Big Lebowski,1998,8.1,71.0,744496,17.5,117
255,In the Mood for Love,2000,8.1,85.0,129636,2.73,98
256,Trainspotting,1996,8.1,83.0,642861,16.5,93
257,Fargo,1996,8.1,85.0,628352,24.61,98
258,Underground,1995,8.1,,55827,0.17,167
259,La Haine,1995,8.1,,154587,0.31,98
260,Dilwale Dulhania Le Jayenge,1995,8.1,,64419,,181
261,Before Sunrise,1995,8.1,77.0,278475,5.54,101
262,Three Colors: Red,1994,8.1,100.0,92992,4.04,99
263,Chungking Express,1994,8.1,77.0,66785,0.6,102
264,Andaz Apna Apna,1994,8.1,,49897,,160
265,Jurassic Park,1993,8.1,68.0,883327,402.45,127
266,In the Name of the Father,1993,8.1,84.0,161189,25.01,133
267,Farewell My Concubine,1993,8.1,,25658,5.22,171
268,Raise the Red Lantern,1991,8.1,,30169,2.6,125
269,Dead Poets Society,1989,8.1,79.0,436392,95.86,128
270,The Princess Bride,1987,8.1,77.0,398265,30.86,98
271,Stand by Me,1986,8.1,75.0,369022,52.29,89
272,Platoon,1986,8.1,92.0,386940,138.53,120
273,The Sacrifice,1986,8.1,,25274,0.3,149
274,"Paris, Texas",1984,8.1,78.0,94713,2.18,145
275,Nausicaä of the Valley of the Wind,1984,8.1,86.0,154738,0.5,117
276,The Thing,1982,8.1,57.0,377947,13.78,109
277,Fitzcarraldo,1982,8.1,,32253,,158
278,Fanny and Alexander,1982,8.1,100.0,58484,4.97,188
279,Blade Runner,1982,8.1,84.0,704518,32.87,117
280,The Elephant Man,1980,8.1,78.0,223930,,124
281,Stalker,1979,8.1,,120114,0.23,162
282,Monty Python's Life of Brian,1979,8.1,77.0,372905,20.05,94
283,The Deer Hunter,1978,8.1,86.0,316367,48.98,183
284,Rocky,1976,8.1,70.0,527683,117.24,120
285,Network,1976,8.1,83.0,147331,,121
286,Barry Lyndon,1975,8.1,89.0,153153,,185
287,Mirror,1975,8.1,80.0,41135,0.18,107
288,Paper Moon,1973,8.1,77.0,42965,30.93,102
289,Cries & Whispers,1972,8.1,,30945,1.74,91
290,Solaris,1972,8.1,90.0,82717,,167
291,Le Samouraï,1967,8.1,,46570,0.04,101
292,Cool Hand Luke,1967,8.1,92.0,164608,16.22,127
293,Persona,1966,8.1,86.0,106226,,83
294,Andrei Rublev,1966,8.1,,48411,0.1,205
295,The Battle of Algiers,1966,8.1,96.0,54443,0.06,121
296,The Exterminating Angel,1962,8.1,,30284,,95
297,What Ever Happened to Baby Jane?,1962,8.1,75.0,51153,4.05,134
298,Sanjuro,1962,8.1,,33779,,96
299,The Man Who Shot Liberty Valance,1962,8.1,94.0,70071,,123
300,Ivan's Childhood,1962,8.1,,32629,,84
301,The Virgin Spring,1960,8.1,,27186,1.53,89
302,Inherit the Wind,1960,8.1,75.0,27834,,128
303,The 400 Blows,1959,8.1,,107807,,99
304,Ben-Hur,1959,8.1,90.0,222735,74.7,212
305,The Hidden Fortress,1958,8.1,,35618,,126
306,Sweet Smell of Success,1957,8.1,100.0,28817,,96
307,Nights of Cabiria,1957,8.1,,43781,0.75,110
308,Throne of Blood,1957,8.1,,47646,,110
309,The Bridge on the River Kwai,1957,8.1,87.0,206441,44.91,161
310,Rififi,1955,8.1,97.0,30384,0.06,118
311,On the Waterfront,1954,8.1,91.0,144410,9.6,108
312,Diabolique,1955,8.1,,62213,,117
313,The Wages of Fear,1953,8.1,85.0,55831,,131
314,Ace in the Hole,1951,8.1,72.0,32296,3.97,111
315,White Heat,1949,8.1,,30302,,114
316,The Third Man,1949,8.1,97.0,161238,0.45,93
317,The Red Shoes,1948,8.1,,31654,10.9,135
318,The Best Years of Our Lives,1946,8.1,93.0,58051,23.65,170
319,The Shop Around the Corner,1940,8.1,96.0,29010,0.2,99
320,Rebecca,1940,8.1,86.0,126243,4.36,130
321,The Grapes of Wrath,1940,8.1,96.0,86401,0.06,129
322,Mr. Smith Goes to Washington,1939,8.1,73.0,108575,9.6,129
323,Gone with the Wind,1939,8.1,97.0,294260,198.68,238
324,La Grande Illusion,1937,8.1,,34325,0.17,113
325,It Happened One Night,1934,8.1,87.0,95866,4.36,105
326,All Quiet on the Western Front,1930,8.1,91.0,57897,3.27,152
327,The Passion of Joan of Arc,1928,8.1,,49024,0.02,114
328,The Circus,1928,8.1,90.0,30882,,72
329,Sunrise,1927,8.1,,47447,0.54,94
330,The General,1926,8.1,,82634,1.03,67
331,The Cabinet of Dr. Caligari,1920,8.1,,58424,,67
332,Badhaai Ho,2018,8.0,,28901,,124
333,Togo,2019,8.0,69.0,40326,,113
334,Airlift,2016,8.0,,53408,,130
335,Bajrangi Bhaijaan,2015,8.0,,74326,8.18,163
336,Baby,2015,8.0,,53413,,159
337,La La Land,2016,8.0,94.0,519185,151.1,128
338,Lion,2016,8.0,69.0,219157,51.74,118
339,The Martian,2015,8.0,80.0,774756,228.43,144
340,Zootopia,2016,8.0,78.0,443559,341.27,108
341,Baahubali: The Beginning,2015,8.0,,104817,6.74,159
342,The Tale of The Princess Kaguya,2013,8.0,89.0,40378,1.51,137
343,Wonder,2017,8.0,66.0,146837,132.42,113
344,Gully Boy,2019,8.0,65.0,33123,5.57,154
345,Special 26,2013,8.0,,51758,1.08,144
346,Short Term 12,2013,8.0,82.0,83205,1.01,96
347,The Raid 2,2014,8.0,71.0,115855,2.63,150
348,The Imitation Game,2014,8.0,73.0,698626,91.13,114
349,Guardians of the Galaxy,2014,8.0,76.0,1062694,333.18,121
350,Blade Runner 2049,2017,8.0,81.0,477495,92.05,164
351,Her,2013,8.0,90.0,552646,25.57,126
352,The Revenant,2015,8.0,76.0,720611,183.64,156
353,The Perks of Being a Wallflower,2012,8.0,67.0,470457,17.74,103
354,Elite Squad 2: The Enemy Within,2010,8.0,71.0,79973,0.1,115
355,The King's Speech,2010,8.0,88.0,647583,138.8,118
356,The Help,2011,8.0,62.0,433800,169.71,146
357,Deadpool,2016,8.0,65.0,920515,363.07,108
358,Darbareye Elly,2009,8.0,87.0,47199,0.11,119
359,Dev.D,2009,8.0,,29082,0.01,144
360,Yip Man,2008,8.0,59.0,213477,,106
361,My Name Is Khan,2010,8.0,50.0,99838,4.02,165
362,The Breath,2009,8.0,,32240,,128
363,Slumdog Millionaire,2008,8.0,84.0,807368,141.32,120
364,Black Swan,2010,8.0,79.0,709694,106.95,108
365,Elite Squad,2007,8.0,33.0,99200,0.01,115
366,The Avengers,2012,8.0,69.0,1280145,623.28,143
367,Persepolis,2007,8.0,90.0,89906,4.45,96
368,Dallas Buyers Club,2013,8.0,80.0,450489,27.3,117
369,Lage Raho Munna Bhai,2006,8.0,,43714,2.22,144
370,The Pursuit of Happyness,2006,8.0,64.0,458325,163.57,117
371,Blood Diamond,2006,8.0,64.0,506980,57.37,143
372,The Bourne Ultimatum,2007,8.0,85.0,609216,227.47,115
373,3-Iron,2004,8.0,72.0,51661,0.24,88
374,Sin City,2005,8.0,74.0,742373,74.1,124
375,The Diving Bell and the Butterfly,2007,8.0,92.0,104121,5.99,112
376,Tae Guk Gi: The Brotherhood of War,2004,8.0,64.0,38133,1.11,140
377,G.O.R.A.,2004,8.0,,58248,,127
378,Ratatouille,2007,8.0,96.0,653098,206.45,111
379,Casino Royale,2006,8.0,80.0,589054,167.45,144
380,Kill Bill: Vol. 2,2004,8.0,83.0,694443,66.21,137
381,The Return,2003,8.0,82.0,43230,0.5,110
382,"Spring, Summer, Fall, Winter... and Spring",2003,8.0,85.0,78530,2.38,103
383,The Sea Inside,2004,8.0,74.0,78417,2.09,126
384,Cinderella Man,2005,8.0,69.0,178152,61.65,144
385,Infernal Affairs,2002,8.0,75.0,118926,0.17,101
386,Pirates of the Caribbean: The Curse of the Black Pearl,2003,8.0,63.0,1025798,305.41,143
387,Big Fish,2003,8.0,58.0,419602,66.26,125
388,The Incredibles,2004,8.0,90.0,666408,261.44,115
389,My Sassy Girl,2001,8.0,,45852,,137
390,Dogville,2003,8.0,60.0,139753,1.53,178
391,Vizontele,2001,8.0,,34319,,110
392,Donnie Darko,2001,8.0,88.0,749578,1.48,113
393,Magnolia,1999,8.0,77.0,292980,22.46,188
394,Dancer in the Dark,2000,8.0,61.0,103793,4.18,140
395,The Straight Story,1999,8.0,86.0,83362,6.2,112
396,Perfect Blue,1997,8.0,,61137,0.78,81
397,Central Station,1998,8.0,80.0,37065,5.6,110
398,The Iron Giant,1999,8.0,85.0,175114,23.16,86
399,Sling Blade,1996,8.0,84.0,88162,24.48,135
400,Secrets & Lies,1996,8.0,91.0,38629,13.42,136
401,12 Monkeys,1995,8.0,74.0,585394,57.14,129
402,Ghost in the Shell,1995,8.0,76.0,131820,0.52,83
403,The Nightmare Before Christmas,1993,8.0,82.0,303614,75.08,76
404,Groundhog Day,1993,8.0,72.0,586058,70.91,101
405,"Blood In, Blood Out",1993,8.0,47.0,29240,4.5,180
406,Scent of a Woman,1992,8.0,59.0,270309,63.9,156
407,Aladdin,1992,8.0,86.0,378917,217.35,90
408,JFK,1991,8.0,72.0,144428,70.41,189
409,Beauty and the Beast,1991,8.0,95.0,421407,218.97,84
410,Dances with Wolves,1990,8.0,72.0,244968,184.21,181
411,Do the Right Thing,1989,8.0,93.0,92339,27.55,120
412,Rain Man,1988,8.0,65.0,480011,178.8,133
413,Akira,1988,8.0,,168343,0.55,124
414,Wings of Desire,1987,8.0,79.0,66063,3.33,128
415,Au Revoir les Enfants,1987,8.0,88.0,31753,4.54,104
416,Castle in the Sky,1986,8.0,78.0,153041,,125
417,The Terminator,1984,8.0,84.0,806649,38.4,107
418,Pink Floyd: The Wall,1982,8.0,47.0,77008,22.24,95
419,Gandhi,1982,8.0,79.0,219628,52.77,191
420,Kagemusha,1980,8.0,84.0,32751,,162
421,Being There,1979,8.0,83.0,66822,30.18,130
422,Annie Hall,1977,8.0,92.0,254273,39.2,93
423,All the President's Men,1976,8.0,84.0,105224,70.6,138
424,Jaws,1975,8.0,87.0,549371,260.0,124
425,Dog Day Afternoon,1975,8.0,86.0,239301,50.0,125
426,Young Frankenstein,1974,8.0,80.0,145294,86.3,106
427,Papillon,1973,8.0,58.0,123378,53.27,151
428,The Exorcist,1973,8.0,81.0,366537,232.91,122
429,Sleuth,1972,8.0,,45238,4.08,138
430,The Last Picture Show,1971,8.0,93.0,43495,29.13,118
431,Fiddler on the Roof,1971,8.0,67.0,40157,80.5,181
432,The Conformist,1970,8.0,100.0,27825,0.54,113
433,Butch Cassidy and the Sundance Kid,1969,8.0,66.0,203825,102.31,110
434,Rosemary's Baby,1968,8.0,96.0,197863,,137
435,Planet of the Apes,1968,8.0,79.0,167101,33.4,112
436,The Graduate,1967,8.0,83.0,256633,104.95,106
437,Who's Afraid of Virginia Woolf?,1966,8.0,75.0,69919,,131
438,The Sound of Music,1965,8.0,63.0,210438,163.21,172
439,Doctor Zhivago,1965,8.0,69.0,70988,111.72,197
440,A Fistful of Dollars,1964,8.0,65.0,201080,14.5,99
441,8½,1963,8.0,91.0,110670,0.05,138
442,Vivre Sa Vie,1962,8.0,,28850,,85
443,The Hustler,1961,8.0,90.0,75923,8.28,134
444,La Dolce Vita,1960,8.0,95.0,67922,19.52,174
445,Rio Bravo,1959,8.0,93.0,57269,12.54,141
446,Anatomy of a Murder,1959,8.0,95.0,60863,11.9,161
447,Touch of Evil,1958,8.0,99.0,99416,2.24,95
448,Cat on a Hot Tin Roof,1958,8.0,84.0,46027,17.57,108
449,The Killing,1956,8.0,91.0,82928,,84
450,The Night of the Hunter,1955,8.0,99.0,83286,0.65,92
451,La Strada,1954,8.0,,59169,,108
452,Stalag 17,1953,8.0,84.0,51503,,120
453,Roman Holiday,1953,8.0,78.0,129214,,118
454,High Noon,1952,8.0,89.0,98584,9.45,85
455,A Streetcar Named Desire,1951,8.0,97.0,100476,8.0,122
456,Strangers on a Train,1951,8.0,88.0,124718,7.63,101
457,In a Lonely Place,1950,8.0,,27584,,94
458,Kind Hearts and Coronets,1949,8.0,,34957,,106
459,Rope,1948,8.0,73.0,131970,,80
460,Out of the Past,1947,8.0,,33479,,97
461,Notorious,1946,8.0,100.0,93474,10.46,102
462,Brief Encounter,1945,8.0,92.0,36622,,86
463,Laura,1944,8.0,,43373,4.36,88
464,Arsenic and Old Lace,1943,8.0,,65813,,118
465,The Maltese Falcon,1941,8.0,96.0,150495,2.11,100
466,The Wizard of Oz,1939,8.0,92.0,374291,2.08,102
467,The Rules of the Game,1939,8.0,,27126,,110
468,The Thin Man,1934,8.0,86.0,27143,,91
469,Battleship Potemkin,1925,8.0,97.0,53979,0.05,66
470,Knives Out,2019,7.9,82.0,488448,165.36,130
471,Shoplifters,2018,7.9,93.0,66044,3.31,121
472,Marriage Story,2019,7.9,94.0,258453,2.0,137
473,Call Me by Your Name,2017,7.9,93.0,222699,18.1,132
474,"I, Daniel Blake",2016,7.9,78.0,55315,0.26,100
475,Isle of Dogs,2018,7.9,82.0,144270,32.02,101
476,Hunt for the Wilderpeople,2016,7.9,81.0,115497,5.2,101
477,M.S. Dhoni: The Untold Story,2016,7.9,,41922,1.78,184
478,Captain Fantastic,2016,7.9,72.0,197157,5.88,118
479,Sing Street,2016,7.9,79.0,86817,3.24,106
480,Thor: Ragnarok,2017,7.9,74.0,611657,315.06,130
481,Jojo Rabbit,2019,7.9,58.0,318265,0.35,108
482,Arrival,2016,7.9,81.0,610446,100.55,116
483,Star Wars: Episode VII - The Force Awakens,2015,7.9,80.0,870700,936.66,138
484,Before Midnight,2013,7.9,94.0,144547,8.11,109
485,X-Men: Days of Future Past,2014,7.9,75.0,668299,233.92,132
486,Once Upon a Time in Anatolia,2011,7.9,82.0,43219,0.14,157
487,Bohemian Rhapsody,2018,7.9,49.0,467509,216.43,134
488,The Artist,2011,7.9,89.0,232967,44.67,100
489,Edge of Tomorrow,2014,7.9,71.0,610376,100.21,113
490,Amour,2012,7.9,94.0,94575,6.74,127
491,A Prophet,2009,7.9,90.0,94736,2.08,155
492,Moon,2009,7.9,67.0,339301,5.01,97
493,Let the Right One In,2008,7.9,82.0,207337,2.12,114
494,District 9,2009,7.9,81.0,644091,115.65,112
495,The Wrestler,2008,7.9,80.0,291898,26.24,109
496,Jab We Met,2007,7.9,,48493,0.41,138
497,Boyhood,2014,7.9,100.0,338821,25.38,165
498,"4 Months, 3 Weeks and 2 Days",2007,7.9,97.0,57364,1.19,113
499,Star Trek,2009,7.9,82.0,581141,257.73,127
500,In Bruges,2008,7.9,67.0,395084,7.76,107
501,The Man from Earth,2007,7.9,,176617,,87
502,Letters from Iwo Jima,2006,7.9,89.0,155337,13.76,141
503,The Fall,2006,7.9,64.0,108186,2.28,117
504,Life of Pi,2012,7.9,79.0,588781,124.99,127
505,Fantastic Mr. Fox,2009,7.9,83.0,205604,21.0,87
506,C.R.A.Z.Y.,2005,7.9,81.0,31651,,129
507,The Chorus,2004,7.9,56.0,58382,3.64,97
508,Iron Man,2008,7.9,79.0,957713,318.41,126
509,Shaun of the Dead,2004,7.9,76.0,519325,13.54,99
510,Kal Ho Naa Ho,2003,7.9,54.0,64303,1.79,186
511,Head-On,2004,7.9,78.0,51932,,121
512,Mystic River,2003,7.9,84.0,425214,90.14,138
513,Harry Potter and the Prisoner of Azkaban,2004,7.9,82.0,563490,249.36,142
514,Hero,2002,7.9,85.0,175218,53.71,120
515,Talk to Her,2002,7.9,86.0,105754,9.28,112
516,No Man's Land,2001,7.9,84.0,45211,1.06,98
517,Cowboy Bebop: The Movie,2001,7.9,61.0,43678,1.0,115
518,The Bourne Identity,2002,7.9,68.0,514961,121.66,119
519,Nine Queens,2000,7.9,80.0,50385,1.22,114
520,Children of Men,2006,7.9,84.0,470696,35.55,109
521,All About My Mother,1999,7.9,87.0,90719,8.26,101
522,Almost Famous,2000,7.9,90.0,256974,32.53,122
523,Mulholland Dr.,2001,7.9,85.0,327947,7.22,147
524,Shrek,2001,7.9,84.0,623728,267.67,90
525,Toy Story 2,1999,7.9,88.0,535106,245.85,92
526,Knockin' on Heaven's Door,1997,7.9,,28167,0.0,87
527,Boogie Nights,1997,7.9,85.0,243373,26.4,155
528,Whisper of the Heart,1995,7.9,75.0,54086,,111
529,Once Were Warriors,1994,7.9,77.0,31913,2.2,102
530,True Romance,1993,7.9,59.0,210030,12.28,119
531,Three Colors: Blue,1993,7.9,85.0,92176,1.32,94
532,Ninja Scroll,1993,7.9,,35066,,94
533,Carlito's Way,1993,7.9,65.0,204164,36.95,144
534,Edward Scissorhands,1990,7.9,74.0,452786,56.36,105
535,My Left Foot,1989,7.9,97.0,69457,14.74,103
536,Crimes and Misdemeanors,1989,7.9,77.0,55407,18.25,104
537,The Untouchables,1987,7.9,79.0,286794,76.27,119
538,Hannah and Her Sisters,1986,7.9,90.0,68099,40.08,107
539,Brazil,1985,7.9,84.0,189940,9.93,132
540,This Is Spinal Tap,1984,7.9,92.0,130726,0.19,82
541,A Christmas Story,1983,7.9,77.0,133780,20.61,93
542,The Blues Brothers,1980,7.9,60.0,185964,57.23,133
543,Manhattan,1979,7.9,83.0,132946,45.7,96
544,All That Jazz,1979,7.9,72.0,28744,37.82,123
545,Dawn of the Dead,1978,7.9,71.0,112813,5.1,127
546,The Holy Mountain,1973,7.9,76.0,38369,0.06,114
547,Amarcord,1973,7.9,,40601,0.58,123
548,The Discreet Charm of the Bourgeoisie,1972,7.9,93.0,39555,0.2,102
549,"Aguirre, the Wrath of God",1972,7.9,,53288,,95
550,Harold and Maude,1971,7.9,62.0,71893,,91
551,Patton,1970,7.9,91.0,94688,61.7,172
552,The Wild Bunch,1969,7.9,97.0,78435,12.06,135
553,Night of the Living Dead,1968,7.9,89.0,118296,0.09,96
554,The Lion in Winter,1968,7.9,,29414,22.28,134
555,In the Heat of the Night,1967,7.9,75.0,69019,24.38,110
556,Charade,1963,7.9,83.0,70471,13.47,113
557,The Manchurian Candidate,1962,7.9,94.0,71916,,126
558,Spartacus,1960,7.9,87.0,125901,30.0,197
559,L'Avventura,1960,7.9,,27147,,144
560,Hiroshima Mon Amour,1959,7.9,,29146,0.09,90
561,The Ten Commandments,1956,7.9,,65622,93.74,220
562,The Searchers,1956,7.9,94.0,81772,,119
563,East of Eden,1955,7.9,72.0,41130,,118
564,Harvey,1950,7.9,,53004,,104
565,Miracle on 34th Street,1947,7.9,88.0,41981,2.65,96
566,The Big Sleep,1946,7.9,,79590,6.54,114
567,The Lost Weekend,1945,7.9,,34112,9.46,101
568,The Philadelphia Story,1940,7.9,96.0,64508,,112
569,His Girl Friday,1940,7.9,,54471,0.3,92
570,Stagecoach,1939,7.9,93.0,44670,,96
571,Bringing Up Baby,1938,7.9,91.0,56020,,102
572,The Adventures of Robin Hood,1938,7.9,97.0,47793,3.98,102
573,A Night at the Opera,1935,7.9,,30935,2.54,96
574,King Kong,1933,7.9,90.0,80464,10.0,100
575,Freaks,1932,7.9,80.0,42684,,64
576,Nosferatu,1922,7.9,,90011,,94
577,The Gentlemen,2019,7.8,51.0,261528,,113
578,The Mitchells vs the Machines,2021,7.8,81.0,33289,,113
579,Raazi,2018,7.8,,26087,,138
580,Sound of Metal,2019,7.8,82.0,82713,,120
581,The Salesman,2016,7.8,85.0,52919,2.4,124
582,Dunkirk,2017,7.8,94.0,571952,188.37,106
583,Perfect Strangers,2016,7.8,,58839,,96
584,Hidden Figures,2016,7.8,74.0,206192,169.61,127
585,Paddington 2,2017,7.8,88.0,64273,40.44,103
586,Udta Punjab,2016,7.8,,27658,,148
587,Kubo and the Two Strings,2016,7.8,84.0,120026,48.02,101
588,Manchester by the Sea,2016,7.8,96.0,253383,47.7,137
589,Land of Mine,2015,7.8,75.0,36964,0.44,100
590,Rogue One: A Star Wars Story,2016,7.8,65.0,566708,532.18,133
591,Captain America: Civil War,2016,7.8,75.0,683410,408.08,147
592,The Hateful Eight,2015,7.8,68.0,530452,54.12,168
593,Little Women,2019,7.8,91.0,153600,108.1,135
594,Loving Vincent,2017,7.8,62.0,52261,6.74,94
595,Pride,2014,7.8,79.0,52785,,119
596,Nightcrawler,2014,7.8,76.0,478830,32.38,117
597,The Great Beauty,2013,7.8,86.0,82586,2.85,141
598,The Lunchbox,2013,7.8,76.0,51632,4.23,104
599,Vicky Donor,2012,7.8,,40222,0.17,126
600,Big Hero 6,2014,7.8,74.0,418003,222.53,102
601,Kai Po Che,2013,7.8,40.0,33301,1.12,120
602,About Time,2013,7.8,55.0,312657,15.32,123
603,English Vinglish,2012,7.8,,34041,1.67,134
604,The Wind Rises,2013,7.8,83.0,76020,5.21,126
605,The Best Offer,2013,7.8,49.0,110778,0.09,131
606,Moonrise Kingdom,2012,7.8,84.0,324528,45.51,94
607,How to Train Your Dragon 2,2014,7.8,76.0,310084,177.0,102
608,The Big Short,2015,7.8,81.0,375347,70.26,130
609,I Saw the Devil,2010,7.8,67.0,114643,0.13,144
610,The Girl with the Dragon Tattoo,2011,7.8,71.0,430576,102.52,158
611,Captain Phillips,2013,7.8,82.0,427728,107.1,134
612,The Man from Nowhere,2010,7.8,,64276,0.01,119
613,Straight Outta Compton,2015,7.8,72.0,183129,161.2,147
614,The Irishman,2019,7.8,94.0,337461,7.0,209
615,Mother,2009,7.8,79.0,55162,0.55,129
616,The Chaser,2008,7.8,64.0,59945,,125
617,The Hobbit: The Desolation of Smaug,2013,7.8,66.0,609860,258.37,161
618,The White Ribbon,2009,7.8,82.0,69627,2.22,144
619,The Girl with the Dragon Tattoo,2009,7.8,76.0,210460,10.1,152
620,The Trial of the Chicago 7,2020,7.8,76.0,143385,,129
621,Another Round,2020,7.8,80.0,73741,,117
622,The Fighter,2010,7.8,79.0,345379,93.62,116
623,Taken,2008,7.8,51.0,570388,145.0,90
624,The Boy in the Striped Pajamas,2008,7.8,55.0,194387,9.03,93
625,Once,2007,7.8,88.0,111737,9.44,86
626,The Hobbit: An Unexpected Journey,2012,7.8,58.0,766859,303.0,169
627,The Edge of Heaven,2007,7.8,85.0,31075,0.74,122
628,Atonement,2007,7.8,85.0,256368,50.93,123
629,Drive,2011,7.8,78.0,581390,35.06,100
630,American Gangster,2007,7.8,76.0,398382,130.16,157
631,Avatar,2009,7.8,83.0,1133692,760.51,162
632,Mr. Nobody,2009,7.8,63.0,219759,0.0,141
633,Apocalypto,2006,7.8,68.0,294773,50.87,139
634,Little Miss Sunshine,2006,7.8,80.0,446135,59.89,101
635,Hot Fuzz,2007,7.8,81.0,470901,23.64,121
636,The Curious Case of Benjamin Button,2008,7.8,70.0,599626,127.51,166
637,Veer-Zaara,2004,7.8,67.0,49677,2.92,192
638,Adam's Apples,2005,7.8,51.0,46753,0.0,94
639,Pride & Prejudice,2005,7.8,82.0,265352,38.41,129
640,The World's Fastest Indian,2005,7.8,68.0,52549,5.13,127
641,Tokyo Godfathers,2003,7.8,73.0,32722,0.13,92
642,Serenity,2005,7.8,74.0,285540,25.51,119
643,Walk the Line,2005,7.8,72.0,237090,119.52,136
644,Evil,2003,7.8,61.0,36031,0.02,113
645,The Notebook,2004,7.8,53.0,529367,81.0,123
646,The Motorcycle Diaries,2004,7.8,75.0,97763,16.76,126
647,Lilya 4-Ever,2002,7.8,82.0,43260,0.18,109
648,The Triplets of Belleville,2003,7.8,91.0,51116,7.0,80
649,Joint Security Area,2000,7.8,58.0,27270,,110
650,Waking Life,2001,7.8,83.0,61373,2.89,99
651,Remember the Titans,2000,7.8,48.0,200746,115.65,113
652,"Crouching Tiger, Hidden Dragon",2000,7.8,94.0,256260,128.08,120
653,Cast Away,2000,7.8,73.0,535668,233.63,143
654,The Boondock Saints,1999,7.8,44.0,229183,0.03,108
655,The Insider,1999,7.8,84.0,161842,28.97,157
656,October Sky,1999,7.8,71.0,84050,32.48,108
657,Titanic,1997,7.8,75.0,1065606,659.33,194
658,Fireworks,1997,7.8,,28302,0.23,103
659,Gattaca,1997,7.8,64.0,284564,12.34,106
660,The Game,1997,7.8,61.0,354942,48.32,129
661,Breaking the Waves,1996,7.8,76.0,63305,4.04,159
662,Ed Wood,1994,7.8,70.0,166634,5.89,127
663,Tombstone,1993,7.8,50.0,130042,56.51,130
664,The Sandlot,1993,7.8,55.0,80707,32.42,101
665,The Remains of the Day,1993,7.8,86.0,67900,22.95,134
666,Naked,1993,7.8,84.0,35555,1.77,132
667,The Fugitive,1993,7.8,87.0,271990,183.88,130
668,A Bronx Tale,1993,7.8,80.0,130450,17.27,121
669,Batman: Mask of the Phantasm,1993,7.8,,44804,5.62,76
670,Hard Boiled,1992,7.8,,47320,,128
671,The Double Life of Véronique,1991,7.8,86.0,43662,2.0,98
672,Boyz n the Hood,1991,7.8,76.0,128616,57.5,112
673,Misery,1990,7.8,75.0,188276,61.28,107
674,Awakenings,1990,7.8,74.0,128637,52.1,121
675,Kiki's Delivery Service,1989,7.8,83.0,127993,,103
676,Glory,1989,7.8,78.0,125355,26.83,122
677,The Killer,1989,7.8,82.0,46085,,111
678,Back to the Future Part II,1989,7.8,57.0,489459,118.5,108
679,Mississippi Burning,1988,7.8,65.0,90269,34.6,128
680,Predator,1987,7.8,45.0,377166,59.74,107
681,Ferris Bueller's Day Off,1986,7.8,61.0,326178,70.14,103
682,The Goonies,1985,7.8,62.0,248601,61.5,114
683,The Color Purple,1985,7.8,78.0,79983,98.47,154
684,The Breakfast Club,1985,7.8,66.0,362893,45.88,97
685,The Killing Fields,1984,7.8,76.0,52397,34.7,141
686,Ghostbusters,1984,7.8,71.0,361111,238.63,105
687,The Right Stuff,1983,7.8,91.0,56876,21.5,193
688,The King of Comedy,1982,7.8,73.0,92424,2.5,109
689,E.T. the Extra-Terrestrial,1982,7.8,91.0,377947,435.11,115
690,Kramer vs. Kramer,1979,7.8,77.0,135901,106.26,105
691,Days of Heaven,1978,7.8,93.0,53953,,94
692,The Outlaw Josey Wales,1976,7.8,69.0,66613,31.8,135
693,The Man Who Would Be King,1975,7.8,91.0,45813,,129
694,The Conversation,1974,7.8,85.0,101230,4.42,113
695,Fantastic Planet,1973,7.8,73.0,26504,0.19,72
696,The Day of the Jackal,1973,7.8,80.0,38096,16.06,143
697,Badlands,1973,7.8,93.0,67454,,94
698,Cabaret,1972,7.8,80.0,49071,42.77,124
699,Willy Wonka & the Chocolate Factory,1971,7.8,67.0,181410,4.0,100
700,Midnight Cowboy,1969,7.8,79.0,102690,44.79,113
701,Wait Until Dark,1967,7.8,81.0,28162,17.55,108
702,Guess Who's Coming to Dinner,1967,7.8,63.0,40571,56.7,108
703,Bonnie and Clyde,1967,7.8,86.0,104163,,111
704,My Fair Lady,1964,7.8,95.0,88211,72.0,170
705,Mary Poppins,1964,7.8,88.0,160201,102.27,139
706,The Longest Day,1962,7.8,75.0,52671,39.1,178
707,Jules and Jim,1962,7.8,97.0,38408,,105
708,The Innocents,1961,7.8,88.0,27600,2.62,100
709,Breathless,1960,7.8,,74688,0.34,90
710,The Quiet Man,1952,7.8,,35588,10.55,129
711,The African Queen,1951,7.8,91.0,72496,0.54,105
712,Red River,1948,7.8,,28689,,133
713,Key Largo,1948,7.8,,37522,,100
714,To Have and Have Not,1944,7.8,90.0,31599,,100
715,Gaslight,1944,7.8,,25306,,114
716,Shadow of a Doubt,1943,7.8,94.0,60594,,108
717,The Lady Vanishes,1938,7.8,98.0,48370,,96
718,The Bride of Frankenstein,1935,7.8,95.0,44104,4.36,75
719,Duck Soup,1933,7.8,93.0,56135,,69
720,Scarface,1932,7.8,87.0,25793,,93
721,Frankenstein,1931,7.8,91.0,66281,,70
722,Roma,2018,7.7,96.0,144147,,135
723,God's Own Country,2017,7.7,85.0,26391,0.34,104
724,Deadpool 2,2018,7.7,66.0,496068,324.59,119
725,Wind River,2017,7.7,73.0,213418,33.8,107
726,Get Out,2017,7.7,85.0,507257,176.04,104
727,Mission: Impossible - Fallout,2018,7.7,86.0,298558,220.16,147
728,A Man Called Ove,2015,7.7,70.0,48977,3.36,116
729,What We Do in the Shadows,2014,7.7,76.0,161476,3.33,86
730,When Marnie Was There,2014,7.7,72.0,34369,0.77,103
731,The Theory of Everything,2014,7.7,72.0,412810,35.89,123
732,Kingsman: The Secret Service,2014,7.7,60.0,600023,128.26,129
733,The Fault in Our Stars,2014,7.7,69.0,349154,124.87,126
734,Me and Earl and the Dying Girl,2015,7.7,74.0,125076,6.74,105
735,Birdman or (The Unexpected Virtue of Ignorance),2014,7.7,87.0,589252,42.34,119
736,The Past,2013,7.7,85.0,45579,1.33,130
737,Blue Is the Warmest Colour,2013,7.7,89.0,141061,2.2,180
738,The Broken Circle Breakdown,2012,7.7,70.0,39832,0.18,111
739,Toy Story 4,2019,7.7,84.0,211783,434.04,100
740,Captain America: The Winter Soldier,2014,7.7,70.0,754086,259.77,136
741,Rockstar,2011,7.7,,40271,0.99,159
742,Nebraska,2013,7.7,87.0,113642,17.65,115
743,Wreck-It Ralph,2012,7.7,72.0,386163,189.42,101
744,The Little Prince,2015,7.7,70.0,57815,1.34,108
745,Detachment,2011,7.7,52.0,78665,0.07,98
746,Midnight in Paris,2011,7.7,81.0,393833,56.82,94
747,Confessions,2010,7.7,,36302,,106
748,The Lego Movie,2014,7.7,83.0,327686,257.76,100
749,Gravity,2013,7.7,96.0,778277,274.09,91
750,Star Trek Into Darkness,2013,7.7,72.0,466350,228.78,132
751,Beasts of No Nation,2015,7.7,79.0,75426,0.08,137
752,The Social Network,2010,7.7,95.0,637803,96.96,120
753,X-Men: First Class,2011,7.7,65.0,652838,146.41,131
754,The Hangover,2009,7.7,73.0,726430,277.32,100
755,Skyfall,2012,7.7,81.0,636869,304.36,143
756,Silver Linings Playbook,2012,7.7,81.0,670131,132.09,122
757,Argo,2012,7.7,86.0,580788,136.03,120
758,500 Days of Summer,2009,7.7,76.0,478414,32.39,95
759,Harry Potter and the Deathly Hallows: Part 1,2010,7.7,65.0,489157,295.98,146
760,Ponyo,2008,7.7,86.0,128651,15.09,101
761,Frost/Nixon,2008,7.7,80.0,104205,18.59,122
762,Paprika,2006,7.7,81.0,73366,0.88,90
763,Changeling,2008,7.7,63.0,241746,35.74,141
764,Flipped,2010,7.7,45.0,82875,1.75,90
765,The Girl Who Leapt Through Time,2006,7.7,,61571,,98
766,Death Note,2006,7.7,,28961,,126
767,This Is England,2006,7.7,86.0,116693,0.33,101
768,Ex Machina,2014,7.7,78.0,482798,25.44,108
769,After the Wedding,2006,7.7,78.0,32738,0.41,120
770,The Last King of Scotland,2006,7.7,74.0,177449,17.61,123
771,Zodiac,2007,7.7,78.0,479228,33.08,157
772,Lucky Number Slevin,2006,7.7,53.0,301666,22.49,110
773,Joyeux Noel,2005,7.7,70.0,28236,1.05,116
774,Control,2007,7.7,78.0,62220,0.87,122
775,Tangled,2010,7.7,71.0,412534,200.82,100
776,Black Book,2006,7.7,71.0,73410,4.4,145
777,Brokeback Mountain,2005,7.7,87.0,328277,83.04,134
778,3:10 to Yuma,2007,7.7,76.0,292888,53.61,122
779,Crash,2004,7.7,66.0,422865,54.58,112
780,Kung Fu Hustle,2004,7.7,78.0,129245,17.11,99
781,The Bourne Supremacy,2004,7.7,73.0,439576,176.24,108
782,The Machinist,2004,7.7,61.0,363329,1.08,101
783,Ray,2004,7.7,73.0,140191,75.33,152
784,Lost in Translation,2003,7.7,89.0,422551,44.59,102
785,Harry Potter and the Goblet of Fire,2005,7.7,81.0,559343,290.01,157
786,Man on Fire,2004,7.7,47.0,333811,77.91,146
787,Coraline,2009,7.7,80.0,201514,75.29,100
788,The Last Samurai,2003,7.7,55.0,405459,111.11,154
789,The Magdalene Sisters,2002,7.7,83.0,26192,4.89,114
790,Finding Neverland,2004,7.7,67.0,200227,51.68,106
791,Good Bye Lenin!,2003,7.7,68.0,139600,4.06,121
792,In America,2002,7.7,76.0,40655,15.54,105
793,Adaptation.,2002,7.7,83.0,180929,22.25,115
794,Black Hawk Down,2001,7.7,74.0,368926,108.64,144
795,Road to Perdition,2002,7.7,72.0,250335,104.45,117
796,The Experiment,2001,7.7,60.0,91454,0.14,120
797,Billy Elliot,2000,7.7,74.0,128277,22.0,110
798,Hedwig and the Angry Inch,2001,7.7,85.0,32296,3.03,95
799,The Count of Monte Cristo,2002,7.7,61.0,130649,54.23,131
800,Ocean's Eleven,2001,7.7,74.0,524952,183.42,116
801,Vampire Hunter D: Bloodlust,2000,7.7,62.0,29726,0.15,103
802,"O Brother, Where Art Thou?",2000,7.7,69.0,292342,45.51,107
803,Interstate 60: Episodes of the Road,2002,7.7,,30397,,116
804,"South Park: Bigger, Longer & Uncut",1999,7.7,73.0,193702,52.04,81
805,Office Space,1999,7.7,68.0,245744,10.82,89
806,Happiness,1998,7.7,81.0,67113,2.81,134
807,Training Day,2001,7.7,69.0,399322,76.63,122
808,Run Lola Run,1998,7.7,77.0,189918,7.27,80
809,Rushmore,1998,7.7,86.0,172323,17.11,93
810,Open Your Eyes,1997,7.7,,64860,0.37,119
811,Being John Malkovich,1999,7.7,90.0,316755,22.86,113
812,Taste of Cherry,1997,7.7,80.0,25075,0.31,95
813,As Good as It Gets,1997,7.7,67.0,279535,148.48,139
814,The Fifth Element,1997,7.7,52.0,440089,63.54,126
815,Le Dîner de Cons,1998,7.7,73.0,37954,4.07,80
816,Donnie Brasco,1997,7.7,76.0,284795,41.91,127
817,Shine,1996,7.7,87.0,51887,35.81,105
818,Primal Fear,1996,7.7,47.0,193689,56.12,129
819,Hamlet,1996,7.7,,36313,4.41,242
820,Sense and Sensibility,1995,7.7,84.0,104732,43.18,136
821,A Little Princess,1995,7.7,83.0,32629,10.02,97
822,Fallen Angels,1995,7.7,71.0,28412,,99
823,Il Postino,1994,7.7,81.0,34218,21.85,108
824,Clerks,1994,7.7,70.0,213190,3.15,92
825,What's Eating Gilbert Grape,1993,7.7,73.0,218691,9.17,118
826,Short Cuts,1993,7.7,79.0,42732,6.11,188
827,Philadelphia,1993,7.7,66.0,227631,77.32,125
828,The Muppet Christmas Carol,1992,7.7,64.0,50792,27.28,85
829,Malcolm X,1992,7.7,73.0,87759,48.17,202
830,The Last of the Mohicans,1992,7.7,76.0,153981,75.51,112
831,Porco Rosso,1992,7.7,83.0,80199,,94
832,Glengarry Glen Ross,1992,7.7,82.0,97232,10.73,100
833,A Few Good Men,1992,7.7,62.0,239621,141.34,138
834,Night on Earth,1991,7.7,68.0,56359,2.02,129
835,Fried Green Tomatoes,1991,7.7,64.0,68213,82.42,130
836,Barton Fink,1991,7.7,69.0,114759,6.15,116
837,Miller's Crossing,1990,7.7,66.0,127456,5.08,115
838,Who Framed Roger Rabbit,1988,7.7,83.0,184651,156.45,104
839,The Vanishing,1988,7.7,,34585,,107
840,The Last Emperor,1987,7.7,76.0,96200,43.98,163
841,Evil Dead II,1987,7.7,72.0,150228,5.92,84
842,Empire of the Sun,1987,7.7,62.0,117650,22.24,153
843,The Name of the Rose,1986,7.7,54.0,103458,7.15,130
844,Down by Law,1986,7.7,75.0,48569,1.44,107
845,Blue Velvet,1986,7.7,76.0,184257,8.55,120
846,The Purple Rose of Cairo,1985,7.7,75.0,47744,10.63,82
847,After Hours,1985,7.7,90.0,61739,10.6,97
848,Zelig,1983,7.7,,40380,11.8,79
849,The Verdict,1982,7.7,77.0,36817,54.0,129
850,Star Trek II: The Wrath of Khan,1982,7.7,67.0,114092,78.91,113
851,First Blood,1982,7.7,61.0,231393,47.21,93
852,Ordinary People,1980,7.7,86.0,47987,54.8,124
853,Airplane!,1980,7.7,78.0,218625,83.4,88
854,Lupin the Third: Castle of Cagliostro,1979,7.7,71.0,27802,,102
855,Halloween,1978,7.7,87.0,236373,47.0,91
856,The Tenant,1976,7.7,71.0,40766,1.92,126
857,Love and Death,1975,7.7,89.0,36581,,85
858,The Taking of Pelham One Two Three,1974,7.7,68.0,27313,2.49,104
859,Blazing Saddles,1974,7.7,73.0,127811,119.5,93
860,Serpico,1973,7.7,87.0,112187,29.8,130
861,Enter the Dragon,1973,7.7,83.0,98225,25.0,102
862,Deliverance,1972,7.7,80.0,100190,7.06,109
863,The French Connection,1971,7.7,94.0,112344,15.63,104
864,Dirty Harry,1971,7.7,90.0,145424,35.9,102
865,The Odd Couple,1968,7.7,86.0,32178,44.53,105
866,The Dirty Dozen,1967,7.7,73.0,68076,45.3,150
867,Belle de Jour,1967,7.7,,41070,0.03,100
868,A Man for All Seasons,1966,7.7,72.0,32058,28.35,120
869,Repulsion,1965,7.7,91.0,49645,,105
870,Zulu,1964,7.7,77.0,36618,,138
871,Goldfinger,1964,7.7,87.0,176452,51.08,110
872,The Birds,1963,7.7,90.0,174277,11.4,119
873,Cape Fear,1962,7.7,76.0,26855,,106
874,Peeping Tom,1960,7.7,,32167,0.08,101
875,The Magnificent Seven,1960,7.7,74.0,88916,4.91,128
876,Eyes Without a Face,1960,7.7,90.0,28306,0.05,90
877,Invasion of the Body Snatchers,1956,7.7,92.0,45565,,80
878,Rebel Without a Cause,1955,7.7,89.0,84782,,111
879,The Ladykillers,1955,7.7,91.0,27091,,91
880,Sabrina,1954,7.7,72.0,60412,,113
881,The Day the Earth Stood Still,1951,7.7,,76823,,92
882,Gilda,1946,7.7,,28555,,110
883,Fantasia,1940,7.7,96.0,89909,76.41,125
884,The 39 Steps,1935,7.7,93.0,52910,,86
885,The Invisible Man,1933,7.7,87.0,31336,,71
886,Dark Waters,2019,7.6,73.0,67411,,126
887,Searching,2018,7.6,71.0,145214,26.02,102
888,Once Upon a Time... In Hollywood,2019,7.6,83.0,580033,142.5,161
889,Loveless,2017,7.6,86.0,30597,0.57,127
890,The Florida Project,2017,7.6,92.0,98502,5.9,111
891,Just Mercy,2019,7.6,68.0,51428,,137
892,Gifted,2017,7.6,60.0,103255,24.8,101
893,The Peanut Butter Falcon,2019,7.6,70.0,71064,13.12,97
894,Victoria,2015,7.6,77.0,54371,,138
895,Guardians of the Galaxy Vol. 2,2017,7.6,67.0,586271,389.81,136
896,Baby Driver,2017,7.6,86.0,453397,107.83,113
897,Only the Brave,2017,7.6,72.0,60435,18.34,134
898,Bridge of Spies,2015,7.6,81.0,292503,72.31,142
899,Incredibles 2,2018,7.6,80.0,257745,608.58,118
900,Moana,2016,7.6,81.0,281770,248.76,107
901,Sicario,2015,7.6,82.0,379991,46.89,121
902,Creed,2015,7.6,82.0,251672,109.77,133
903,Leviathan,2014,7.6,92.0,50297,1.09,140
904,Hell or High Water,2016,7.6,88.0,208337,26.86,102
905,Philomena,2013,7.6,77.0,95407,37.71,98
906,Dawn of the Planet of the Apes,2014,7.6,79.0,415821,208.55,130
907,The Body,2012,7.6,,59561,,112
908,The Raid: Redemption,2011,7.6,73.0,193048,4.11,101
909,End of Watch,2012,7.6,68.0,231024,41.0,109
910,The Secret World of Arrietty,2010,7.6,80.0,83226,19.2,94
911,A Star Is Born,2018,7.6,88.0,344991,215.29,136
912,True Grit,2010,7.6,80.0,316849,171.24,110
913,In a Better World,2010,7.6,65.0,38828,1.01,118
914,Despicable Me,2010,7.6,72.0,507321,251.51,95
915,50/50,2011,7.6,72.0,317969,35.01,100
916,Kick-Ass,2010,7.6,66.0,530355,48.07,117
917,Celda 211,2009,7.6,,64621,,113
918,Moneyball,2011,7.6,87.0,378858,75.61,133
919,The Skin I Live In,2011,7.6,70.0,141598,3.19,120
920,Zombieland,2009,7.6,73.0,527226,75.59,88
921,The Wave,2008,7.6,,104209,,107
922,Sherlock Holmes,2009,7.6,57.0,590132,209.03,128
923,The Blind Side,2009,7.6,53.0,298819,255.96,129
924,The Visitor,2007,7.6,79.0,41784,9.42,104
925,Seven Pounds,2008,7.6,36.0,289621,69.95,123
926,Eastern Promises,2007,7.6,82.0,230762,17.11,100
927,Stardust,2007,7.6,66.0,258385,38.63,127
928,The Secret of Kells,2009,7.6,81.0,32796,0.69,75
929,Inside Man,2006,7.6,76.0,346569,88.51,129
930,Gone Baby Gone,2007,7.6,72.0,254202,20.3,114
931,La Vie En Rose,2007,7.6,66.0,83591,10.3,140
932,Fearless,2006,7.6,70.0,73392,24.63,104
933,The Illusionist,2006,7.6,68.0,357677,39.87,110
934,Dead Man's Shoes,2004,7.6,52.0,50353,0.01,90
935,Harry Potter and the Half-Blood Prince,2009,7.6,78.0,485903,301.96,153
936,300,2006,7.6,52.0,742840,210.61,117
937,Match Point,2005,7.6,72.0,208344,23.09,124
938,Watchmen,2009,7.6,56.0,514032,107.51,162
939,Lord of War,2005,7.6,62.0,297335,24.15,122
940,Saw,2004,7.6,46.0,384674,56.0,103
941,Mysterious Skin,2004,7.6,73.0,66489,0.7,105
942,A Very Long Engagement,2004,7.6,76.0,71396,6.17,133
943,The Station Agent,2003,7.6,81.0,67891,5.74,89
944,21 Grams,2003,7.6,70.0,226611,16.29,124
945,Sympathy for Mr. Vengeance,2002,7.6,56.0,63858,0.05,129
946,25th Hour,2002,7.6,68.0,171175,13.06,135
947,The Butterfly Effect,2004,7.6,30.0,456512,57.94,113
948,I Am Sam,2001,7.6,28.0,144204,40.31,132
949,Battle Royale,2000,7.6,81.0,171068,,114
950,The Royal Tenenbaums,2001,7.6,76.0,271134,52.36,110
951,Y Tu Mamá También,2001,7.6,88.0,117221,13.62,106
952,Harry Potter and the Sorcerer's Stone,2001,7.6,64.0,673515,317.58,152
953,The Others,2001,7.6,74.0,342695,96.52,104
954,Enemy at the Gates,2001,7.6,53.0,246796,51.4,131
955,Traffic,2000,7.6,86.0,198077,124.12,147
956,Minority Report,2002,7.6,80.0,514922,132.07,145
957,American Psycho,2000,7.6,64.0,505651,15.07,101
958,The Thin Red Line,1998,7.6,78.0,175449,36.4,170
959,Mulan,1998,7.6,71.0,261716,120.62,88
960,Fear and Loathing in Las Vegas,1998,7.6,41.0,263262,10.68,118
961,Dark City,1998,7.6,66.0,190042,14.38,100
962,Lost Highway,1997,7.6,52.0,133274,3.8,134
963,Die Hard with a Vengeance,1995,7.6,58.0,367752,100.01,128
964,The Bridges of Madison County,1995,7.6,69.0,74623,71.52,135
965,Apollo 13,1995,7.6,77.0,274384,173.84,140
966,Three Colors: White,1994,7.6,88.0,66178,1.46,92
967,Falling Down,1993,7.6,56.0,175089,40.9,113
968,Dazed and Confused,1993,7.6,78.0,169578,7.99,102
969,My Cousin Vinny,1992,7.6,68.0,110233,52.93,120
970,Only Yesterday,1991,7.6,90.0,28182,0.45,118
971,Delicatessen,1991,7.6,66.0,81483,1.79,99
972,The Hunt for Red October,1990,7.6,58.0,183615,122.01,135
973,Home Alone,1990,7.6,63.0,496021,285.76,103
974,The Godfather: Part III,1990,7.6,60.0,367077,66.67,162
975,When Harry Met Sally...,1989,7.6,76.0,199360,92.82,95
976,The Little Mermaid,1989,7.6,88.0,241448,111.54,83
977,The Naked Gun: From the Files of Police Squad!,1988,7.6,76.0,155741,78.76,85
978,Withnail & I,1987,7.6,84.0,41036,1.54,107
979,Lethal Weapon,1987,7.6,68.0,240091,65.21,109
980,Blood Simple,1984,7.6,83.0,89650,2.15,99
981,On Golden Pond,1981,7.6,68.0,28184,119.29,109
982,Mad Max 2: The Road Warrior,1981,7.6,77.0,168736,12.47,96
983,The Warriors,1979,7.6,65.0,95391,22.49,92
984,The Muppet Movie,1979,7.6,74.0,33387,76.66,95
985,Escape from Alcatraz,1979,7.6,76.0,124033,43.0,112
986,Watership Down,1978,7.6,64.0,34240,,91
987,Close Encounters of the Third Kind,1977,7.6,90.0,187699,132.09,138
988,The Long Goodbye,1973,7.6,87.0,26961,0.96,112
989,Duck You Sucker,1971,7.6,77.0,30751,0.7,138
990,Kelly's Heroes,1970,7.6,50.0,45929,1.38,144
991,Where Eagles Dare,1968,7.6,63.0,52799,,158
992,The Jungle Book,1967,7.6,65.0,168815,141.84,78
993,A Hard Day's Night,1964,7.6,96.0,40883,13.78,87
994,Breakfast at Tiffany's,1961,7.6,76.0,169385,,115
995,Giant,1956,7.6,84.0,34708,,201
996,Shane,1953,7.6,80.0,37678,20.0,118
997,From Here to Eternity,1953,7.6,85.0,44038,30.5,118
998,Lifeboat,1944,7.6,78.0,26871,,97
999,Dil Bechara,2020,6.6,,114185,,101
